column,dtype,missing,missing_pct,unique,table
t_dat,str,0,0.0,91,transactions
customer_id,str,0,0.0,106650,transactions
article_id,int64,0,0.0,31178,transactions
price,float64,0,0.0,4051,transactions
sales_channel_id,int64,0,0.0,2,transactions
customer_id,str,0,0.0,278736,customers
FN,float64,181680,65.18,1,customers
Active,float64,184290,66.12,1,customers
club_member_status,str,1218,0.44,3,customers
fashion_news_frequency,str,3275,1.17,4,customers
age,float64,3241,1.16,83,customers
postal_code,str,0,0.0,168172,customers
article_id,int64,0,0.0,105542,articles
product_code,int64,0,0.0,47224,articles
prod_name,str,0,0.0,45875,articles
product_type_no,int64,0,0.0,132,articles
product_type_name,str,0,0.0,131,articles
product_group_name,str,0,0.0,19,articles
graphical_appearance_no,int64,0,0.0,30,articles
graphical_appearance_name,str,0,0.0,30,articles
colour_group_code,int64,0,0.0,50,articles
colour_group_name,str,0,0.0,50,articles
perceived_colour_value_id,int64,0,0.0,8,articles
perceived_colour_value_name,str,0,0.0,8,articles
perceived_colour_master_id,int64,0,0.0,20,articles
perceived_colour_master_name,str,0,0.0,20,articles
department_no,int64,0,0.0,299,articles
department_name,str,0,0.0,250,articles
index_code,str,0,0.0,10,articles
index_name,str,0,0.0,10,articles
index_group_no,int64,0,0.0,5,articles
index_group_name,str,0,0.0,5,articles
section_no,int64,0,0.0,57,articles
section_name,str,0,0.0,56,articles
garment_group_no,int64,0,0.0,21,articles
garment_group_name,str,0,0.0,21,articles
detail_desc,str,416,0.39,43404,articles
