feature,coef,abs_coef
a_days_since_last,-0.38553327,0.38553327
rep_days_since,-0.34162053,0.34162053
a_trend,0.21811217,0.21811217
c_n_tx_2w,-0.17814082,0.17814082
rep_count,0.1740199,0.1740199
n_sources,0.15413946,0.15413946
ci_prodcode_count,0.13994679,0.13994679
a_buyers_4w,0.13965484,0.13965484
a_price_mean,0.08737365,0.08737365
c_n_tx,-0.06975467,0.06975467
ci_igroup_share,0.059584536,0.059584536
ci_garment_share,0.059014857,0.059014857
ci_ptype_share,0.042735208,0.042735208
sib_pop,0.04245288,0.04245288
a_pop_1w,0.035622913,0.035622913
sib_rank,-0.03180548,0.03180548
ci_age_gap,-0.024226142,0.024226142
c_online_share,0.022802416,0.022802416
ci_colour_share,0.018295826,0.018295826
a_pop_8w,0.009227932,0.009227932
als_rank,-0.0063247927,0.0063247927
pop_rank,-0.001341452,0.001341452
bandpop_rank,0.0,0.0
content_score,0.0,0.0
als_score,0.0,0.0
itemcf_score,0.0,0.0
rep_rank,0.0,0.0
itemcf_rank,0.0,0.0
content_rank,0.0,0.0
a_pop_4w,0.0,0.0
a_pop_2w,0.0,0.0
a_buyer_age_mean,0.0,0.0
a_days_since_first,0.0,0.0
a_online_share,0.0,0.0
c_n_weeks,0.0,0.0
c_price_mean,0.0,0.0
c_n_articles,0.0,0.0
c_days_since_last,0.0,0.0
c_age,0.0,0.0
c_fn,0.0,0.0
c_age_missing,0.0,0.0
c_active,0.0,0.0
c_club_active,0.0,0.0
c_news_regular,0.0,0.0
ci_price_ratio,0.0,0.0
