feature,mutual_info
als_score,0.04909695791768509
content_score,0.03156902793518401
itemcf_score,0.025456412850406895
rep_rank,0.016285010468094274
sib_rank,0.013944236906382801
bandpop_rank,0.011920075879921721
c_online_share,0.011333083456206872
a_days_since_first,0.010162959996397047
rep_days_since,0.009461697175169648
itemcf_rank,0.006503036488302194
content_rank,0.0061861834584129305
als_rank,0.006149569648949416
a_online_share,0.0043237180406210385
ci_igroup_share,0.004252884335573248
ci_prodcode_count,0.0030628226597259056
a_pop_1w,0.0029850383447364015
a_pop_4w,0.0028594175324193616
ci_garment_share,0.002817272789040759
a_pop_2w,0.0028158144979454347
a_price_mean,0.002806022979965239
a_trend,0.0027214888835246365
pop_rank,0.002684259008014722
a_buyers_4w,0.002557778867793181
ci_colour_share,0.0023735924267107578
ci_ptype_share,0.0023594588167942243
a_pop_8w,0.0022291325282952634
rep_count,0.0022079219758884827
a_days_since_last,0.0020344809479395654
a_buyer_age_mean,0.0019181149718145996
c_n_articles,0.0016466738604075104
ci_age_gap,0.0014502063804472387
c_n_tx,0.0013768740389470402
c_price_mean,0.0012942380306408818
c_days_since_last,0.0012073950727380378
n_sources,0.0010558515448802585
ci_price_ratio,0.0010539626467869212
c_age,0.0009021792628264302
c_n_tx_2w,0.0006496406372011876
c_n_weeks,0.0005725573826114547
sib_pop,0.0002567572554974529
c_news_regular,6.70311317785971e-06
c_club_active,6.251684651276731e-06
c_fn,5.4115869030230135e-06
c_active,4.01379447834832e-06
c_age_missing,6.651310729995216e-07
