feature,mean_abs_shap
a_pop_1w,0.3187378919199231
ci_prodcode_count,0.178509817243459
garment_group_name,0.12242797574241844
a_days_since_last,0.12190265932580596
a_trend,0.11272325730744603
c_days_since_last,0.11066393827413391
rep_days_since,0.10817435638969342
a_pop_2w,0.10795069819448072
n_sources,0.08916312838183689
ci_garment_share,0.07934831553305106
a_buyers_4w,0.07561502093240044
ci_age_gap,0.074036057866626
ci_ptype_share,0.06906037109797004
ci_igroup_share,0.06817966815118576
a_pop_8w,0.06726574045219487
a_online_share,0.06327295024478033
als_score,0.06224995292215598
ci_price_ratio,0.06166524278582412
a_price_mean,0.0542289215592745
a_days_since_first,0.053816983317910454
ci_colour_share,0.05078376732587768
content_score,0.043873339373138996
c_n_tx_2w,0.043781827180253405
als_rank,0.04108053583756632
perceived_colour_master_name,0.03990797493147468
a_pop_4w,0.03616298707212638
c_age,0.03574836573586579
c_online_share,0.03431295205371896
rep_rank,0.0333540268339175
c_n_articles,0.02987720064974676
c_price_mean,0.02835316027520206
itemcf_score,0.025085624231193687
sib_rank,0.023957757229355465
a_buyer_age_mean,0.021953130032367422
itemcf_rank,0.021303290940298453
graphical_appearance_name,0.020820918316597613
content_rank,0.020498877805875948
pop_rank,0.018633379473890037
bandpop_rank,0.014937982845548634
product_group_name,0.014450309428806292
sib_pop,0.013810717101898632
index_group_name,0.012112384076817046
c_n_weeks,0.011157551416316238
c_n_tx,0.010724358241624694
c_active,0.002995152513239795
c_news_regular,0.0018503652216891877
c_fn,0.0017063416294312917
rep_count,0.0007668858705552164
c_age_missing,4.6029794419619554e-05
c_club_active,0.0
